run_id,app_type,microphone,camera,screen,duration,app,network,memory,energy,cpu
1-w,web,1,1,0,2,3,14.0288454024831,2.6124159969889,2.42423398255424,-1.08805689698947
10-w,web,1,0,0,8,3,11.5778700093839,2.18295642344869,4.05106964686924,-1.25065232212673
100-w,web,1,1,0,8,2,16.4045540888705,1.94549658303098,4.03300473521034,-1.22302184923127
101-w,web,1,0,1,8,2,17.4055994133721,2.17572559357954,4.03674956021795,-1.13860607303162
102-w,web,1,0,1,8,2,17.5256605218001,2.17331601230264,4.03232311077071,-1.14072288884571
103-w,web,1,0,1,8,1,15.4676846729492,2.10134191121837,4.03596430734672,-1.18203088562686
104-w,web,1,0,1,2,2,14.8165687276174,2.19687161719576,2.44140933964802,-1.13163310804651
105-w,web,1,1,0,8,2,16.4257068331577,1.97010369997458,4.03391452598358,-1.24051453288305
106-w,web,1,0,0,8,2,15.6084628253578,1.69752346430234,4.04694733519385,-1.31319505219556
107-w,web,1,0,1,8,3,15.5097638016945,2.3917423290758,4.0375882479356,-1.14942812591153
108-w,web,1,1,0,2,1,14.2430542122106,2.0882975851569,2.45527837938359,-1.12364385565356
109-w,web,1,0,0,8,2,15.6901903541296,1.69674083491527,4.04755256910004,-1.31184468788317
11-w,web,1,1,0,8,1,11.5189515588681,2.18349917729721,4.05174300909553,-1.25062607777802
110-w,web,1,1,1,8,2,17.7842655569907,2.44080175356692,4.03217480620233,-1.11621512370956
111-w,web,1,0,1,8,1,15.6187723963599,2.10018645697347,4.0376121855995,-1.18159955350185
112-w,web,1,1,0,2,2,13.8141618417567,1.99738252611558,2.44485401444322,-1.21158341622644
113-w,web,1,1,0,2,1,14.3457132355582,2.05507521180099,2.44599017320691,-1.11457781061619
114-w,web,1,1,1,2,1,13.2475641909594,2.31290350913807,2.45012454458632,-1.11619297731149
115-w,web,1,0,0,2,3,11.7858960627655,1.83316064536815,2.4545090842116,-1.35011317373578
116-w,web,1,1,1,2,3,13.9391723190082,2.66880153571138,2.44692071175954,-1.08814271458856
117-w,web,1,0,0,2,1,11.7083723911841,1.95370705177889,2.44566784801107,-1.25928625919527
118-w,web,1,1,0,2,3,13.5910878918094,2.29552628401604,2.44258163238031,-1.21512688960293
119-w,web,1,1,1,8,3,17.2145314059704,2.74174247107492,4.03157213575957,-1.07472562502655
12-w,web,1,0,1,2,3,9.2857064806627,2.18512754442397,2.45487542733237,-1.25341333251446
120-w,web,1,1,1,2,1,12.8287782717342,2.32160497955785,2.4499379240118,-1.12139070513687
121-w,web,1,0,0,2,2,13.0883608845484,1.73201451082068,2.45118077252764,-1.33293837393616
122-w,web,1,0,1,2,1,12.1978881000199,2.08400617316865,2.4473166446795,-1.17849128639802
123-w,web,1,0,1,8,3,15.8014552285159,2.4163385131237,4.03444434977113,-1.14273080852176
124-w,web,1,0,1,2,1,12.2183142337771,2.0882975851569,2.44946689922711,-1.18606798545932
125-w,web,1,0,0,8,1,14.0652821260144,1.82401612411607,4.04480675235068,-1.26467267824862
126-w,web,1,0,0,8,2,15.5701375361086,2.31052535247145,4.04718517165993,-1.34919876197222
127-w,web,1,0,0,2,1,11.7160520052596,1.96892037014437,2.44754609345711,-1.26403055018881
128-w,web,1,1,1,2,2,15.1983358428045,2.45573142983432,2.44002466328087,-1.11941011568991
129-w,web,1,0,1,2,2,14.8094570421324,2.19793277664946,2.4414672719324,-1.12511940110521
13-w,web,1,1,0,8,3,11.525232922728,2.18295642344869,4.0506485021515,-1.25336064235601
130-w,web,1,0,0,2,1,11.7275100470478,1.86146911918215,2.44664761342441,-1.25838365298715
131-w,web,1,0,0,8,1,14.0896607238416,1.82219036706221,4.04447496263564,-1.26464591120487
132-w,web,1,1,0,8,3,16.5412967590373,2.30964793266315,4.05824809000256,-1.24326300093642
133-w,web,1,1,0,8,3,16.9201354755649,2.30964793266315,4.05694668540537,-1.23538241610357
134-w,web,1,1,0,2,2,13.874193176304,1.98396157677622,2.43581566491915,-1.23599946480356
135-w,web,1,1,0,2,1,13.9026178271999,2.08507264598725,2.45351213256147,-1.12014396266184
136-w,web,1,0,1,8,2,17.5651747947739,2.18804385322334,4.03366862444548,-1.1514801708896
137-w,web,1,1,0,8,3,16.6886568039444,2.30313860267242,4.06046209611125,-1.24300326789975
138-w,web,1,1,0,8,2,16.421517166068,1.95059651197674,4.031981867757,-1.23538241610357
139-w,web,1,1,1,2,3,14.6645480863104,2.69519265155694,2.44418247197457,-1.08379773722159
14-w,web,1,1,0,8,1,11.4971726781111,2.18295642344869,4.05275991492934,-1.2516240375935
140-w,web,1,0,1,2,3,13.232907698874,2.35280797506295,2.44140606037567,-1.1515956048266
141-w,web,1,1,0,8,3,16.8365380962586,2.30964793266315,4.03542097831931,-1.19854959927154
142-w,web,1,1,1,2,1,12.7626772623718,2.32150318295415,2.45173344532118,-1.12435895564151
143-w,web,1,0,1,8,1,15.1562071890377,2.08127130529913,4.03743336292788,-1.19291556115109
144-w,web,1,1,1,2,3,14.6395596406912,2.69629630124865,2.44330430225566,-1.07470448434051
145-w,web,1,0,0,2,2,13.0818448019459,1.72572712851133,2.45279687127565,-1.30630026509952
146-w,web,1,0,0,2,1,11.7214531540556,1.85617649556307,2.44849928842742,-1.26397706596107
147-w,web,1,0,0,2,2,13.0758428356724,1.73135255009345,2.45300684234288,-1.32159011432174
148-w,web,1,0,0,2,2,13.0733721685574,1.72078987076912,2.45273733648948,-1.29913924618939
149-w,web,1,0,1,2,3,13.0077418139831,2.32378102346813,2.44293101537032,-1.1439653210905
15-w,web,1,0,1,2,3,9.35045011801648,2.18295642344869,2.45856052267779,-1.25115114694212
150-w,web,1,0,0,2,1,11.7362229091089,1.86252044757186,2.44881974267393,-1.25793277983659
151-w,web,1,0,0,2,3,11.8767744225816,1.83295078856694,2.45844311656502,-1.35550571465338
152-w,web,1,1,1,8,3,17.1285458778287,2.74293983494656,4.03314194121768,-1.07130717095119
153-w,web,1,1,1,2,2,15.1688038624148,2.45138582421952,2.42865090332254,-1.10010850685707
154-w,web,1,0,1,8,3,15.8576268495015,2.50168606087501,4.03147678258697,-1.13806065881064
155-w,web,1,1,0,2,2,13.8461300285939,1.97179788677711,2.44644410796788,-1.24445896995924
156-w,web,1,0,1,8,2,17.5672151478523,2.15618145668544,4.0359744148735,-1.15430135803201
157-w,web,1,0,1,8,3,15.8302078423701,2.40819145477113,4.03930481547177,-1.13910634569107
158-w,web,1,1,1,2,3,14.3983218482837,2.69189505710626,2.44212836967526,-1.08206983272846
159-w,web,1,1,0,8,2,16.4108469326426,1.94549658303098,4.03168834654501,-1.24139498839741
16-w,web,1,1,1,2,2,9.28942268837757,2.18295642344869,2.46074276163673,-1.24448499117289
160-w,web,1,0,0,8,2,15.5932252414248,1.69568924543398,4.04606485118158,-1.34801207775948
161-w,web,1,1,1,8,1,15.2734241946208,2.29696207564897,4.04520466782939,-1.12223773473725
162-w,web,1,1,1,2,2,15.1080637581153,2.45573142983432,2.44031792375143,-1.12830267872705
163-w,web,1,1,1,2,3,14.6234435405901,2.69519265155694,2.44015488882757,-1.07122292537239
164-w,web,1,1,1,2,3,14.5766510612556,2.69629630124865,2.43538722199114,-1.07860261983658
165-w,web,1,0,1,8,1,14.7054594661338,2.07161515438724,4.0389087409546,-1.19182273015462
166-w,web,1,1,1,2,3,14.846265591869,2.69959463654691,2.43876104551163,-1.06882516023453
167-w,web,1,1,1,8,3,17.4349725831737,2.74504841204711,4.03953116905867,-1.06853112729725
168-w,web,1,0,1,2,3,12.9424948586764,2.33661371819507,2.43496191839827,-1.15007316717306
169-w,web,1,1,1,8,1,15.1772184999408,2.30964793266315,4.04437973945959,-1.12940388398151
17-w,web,1,0,0,2,3,9.26699804968014,2.18295642344869,2.4535597288769,-1.24072160334136
170-w,web,1,1,0,2,2,13.8593955618003,1.98181728718056,2.4379171379803,-1.17347188210301
171-w,web,1,0,1,2,1,12.2162648058574,2.15090218029853,2.44862204914646,-1.17553769315538
172-w,web,1,1,1,2,1,12.8408691557697,2.26188917555321,2.44490850572311,-1.11972136873284
173-w,web,1,0,1,2,1,12.2614954378998,2.19793277664946,2.44362946611488,-1.18508084369444
174-w,web,1,1,0,8,2,16.4229212474779,1.94553389346036,4.03304034076483,-1.22725480843866
175-w,web,1,1,0,8,1,16.5019446792382,2.05855720837257,4.03382166774207,-1.12610450672985
176-w,web,1,0,1,8,3,15.9370750111222,2.41227091825316,4.03722451143678,-1.13831059662031
177-w,web,1,1,1,8,3,17.1236616384649,2.71007767244364,4.03886869435562,-1.07008636406424
178-w,web,1,1,1,8,2,17.8095460698686,2.44133977810174,4.02575460219023,-1.11040991799522
179-w,web,1,0,1,8,1,14.684993294719,2.06388186545056,4.03904961400118,-1.18720110420721
18-w,web,1,0,0,2,1,9.26981796151902,2.18295642344869,2.4531226348893,-1.23299622277562
180-w,web,1,1,1,8,3,17.1732951366888,2.74487919698279,4.03748874303744,-1.06909827473392
181-w,web,1,1,0,2,3,14.1851843197868,2.24889620318577,2.45263557906297,-1.19104653081537
182-w,web,1,0,1,2,3,13.3407612398064,2.31827144855518,2.4394652933629,-1.13922008538536
183-w,web,1,1,1,2,2,15.100146519688,2.4492070017486,2.43962623561287,-1.09451606422682
184-w,web,1,0,0,8,3,14.1814570172268,1.81479096896255,4.05513532424207,-1.35556727141183
185-w,web,1,0,0,8,1,14.0722969736538,1.94523541255419,4.04600899468813,-1.26389684723875
186-w,web,1,0,0,2,3,11.8166309741508,1.83316064536815,2.45912799778851,-1.35280342817216
187-w,web,1,0,1,2,1,12.1973701840535,2.08507264598725,2.45052264058918,-1.17942249636312
188-w,web,1,1,0,8,1,16.4765897808053,2.0641826046223,4.03716017575848,-1.12666472972696
189-w,web,1,1,0,2,2,13.8499193184979,1.98671717149048,2.4414858533736,-1.22491991417922
19-w,web,1,1,1,2,1,9.31520310057491,2.18295642344869,2.45588200573357,-1.23340620122679
190-w,web,1,0,1,2,3,13.1228062161107,2.32150318295415,2.44612952937068,-1.15108781552158
191-w,web,1,0,0,8,2,15.5839740664681,1.69623948590895,4.0479267215437,-1.34383146032475
192-w,web,1,1,0,2,2,13.8621654855432,1.99040868331219,2.44361091894771,-1.19992158637248
2-w,web,1,1,1,8,1,15.2134225365524,2.30451146207233,4.0432703653118,-1.10608660640775
20-w,web,1,0,0,8,1,11.5387254721674,2.18295642344869,4.04824815047918,-1.23720935442205
21-w,web,1,0,1,2,2,9.31154488460556,2.18295642344869,2.45128916047082,-1.23723511842453
22-w,web,1,0,1,2,1,9.28198183323413,2.19698530964869,2.45438802510147,-1.24079926990895
23-w,web,1,1,0,8,2,11.5154242837361,2.18458473778689,4.04894962763937,-1.24035926856789
24-w,web,1,1,1,2,1,9.42986992451623,2.18295642344869,2.45070157662667,-1.23767324494238
25-w,web,1,1,1,8,1,11.5239784227277,2.20653821820453,4.04850460454827,-1.237183591324
26-w,web,1,1,0,8,2,11.5277392725824,2.18512754442397,4.04936792330878,-1.23886007827611
27-w,web,1,0,1,2,2,9.27450706046363,2.185114920814,2.45324815395704,-1.23945421707202
28-w,web,1,0,0,2,2,9.42047072577602,2.1862258349101,2.45318431405716,-1.23556233518263
29-w,web,1,0,0,8,3,11.5012448114294,2.18349917729721,4.04894505532004,-1.24180968845602
3-w,web,1,0,0,8,3,11.7477745718604,2.16702246606805,4.03129677979233,-1.2261372084979
30-w,web,1,0,1,8,2,11.5786003824253,2.18430702956671,4.04748419108666,-1.24589152500918
31-w,web,1,1,0,8,2,11.5666333175878,2.18458473778689,4.04813348657816,-1.24349684002285
32-w,web,1,0,1,8,1,11.4989553842641,2.18810698240156,4.04756286838936,-1.24274362757416
33-w,web,1,0,1,2,2,9.29405613958332,2.18295642344869,2.45675287767395,-1.29146988943406
34-w,web,1,0,0,2,3,9.30604223003786,2.1872736963905,2.46010938762742,-1.29130292535782
35-w,web,1,0,1,2,1,9.26511540931205,2.18295642344869,2.45956068626654,-1.29135857544843
36-w,web,1,0,0,2,1,9.30879586309375,2.1916678527326,2.46060622291974,-1.29005201217164
37-w,web,1,0,0,8,3,11.5535982286341,2.18458473778689,4.05316325347206,-1.29185963345503
38-w,web,1,0,1,2,3,9.26793855948281,2.185114920814,2.45507854127911,-1.2864512213563
39-w,web,1,0,0,8,1,11.5374804498462,2.18757670469276,4.05376118288798,-1.29027422714036
4-w,web,1,1,1,2,2,9.27637895087683,2.18078558407772,2.43053920763485,-1.24458908535884
40-w,web,1,0,1,2,1,9.26699804968014,2.18948325755681,2.45838817935518,-1.2908578901294
41-w,web,1,0,0,2,3,9.30420390480953,2.1916678527326,2.45615725887516,-1.28758478877744
42-w,web,1,1,1,2,1,9.26699804968014,2.18948325755681,2.45579887725751,-1.28935806167426
43-w,web,1,0,0,2,2,9.27450706046363,2.18618796162574,2.45617452748629,-1.29038536208813
44-w,web,1,1,0,2,3,9.2603993240013,2.19482528451586,2.46310760228747,-1.2921660194098
45-w,web,1,0,0,8,1,11.5048002931861,2.19001359555876,4.0540714227756,-1.29174825497941
46-w,web,1,0,1,8,2,11.5970040757001,2.1927286835896,4.05345599028528,-1.28830462034199
47-w,web,1,1,1,8,1,11.5007363045584,2.19680845505408,4.05358411202562,-1.29080228139512
48-w,web,1,0,0,8,1,11.5249820934738,2.1908091339972,4.05353941328189,-1.28855397130348
49-w,web,1,1,1,8,1,11.5897621314149,2.18674344504268,4.05327631277118,-1.28844313730583
5-w,web,1,1,0,8,3,11.522220635478,2.18241368720045,4.03788700290276,-1.24672631713393
50-w,web,1,1,0,8,3,11.5080954582547,2.19463582187037,4.05132808336298,-1.28946904582851
51-w,web,1,0,1,2,2,9.31611638239258,2.1883468754467,2.46394734753205,-1.28515409088533
52-w,web,1,1,1,2,1,9.27450706046363,2.1992845886241,2.45751745481803,-1.2909413118382
53-w,web,1,1,1,8,2,11.5989303055105,2.18810698240156,4.05191293160742,-1.29032979232465
54-w,web,1,1,1,8,2,11.5139104506663,2.18810698240156,4.05233706577026,-1.28960780167804
55-w,web,1,1,1,2,3,9.33788416039057,2.31290350913807,2.45728134153369,-1.28910841398331
56-w,web,1,1,1,8,2,11.5037851665325,2.18782921579547,4.0531800563897,-1.29141423014011
57-w,web,1,1,1,8,3,11.5528575334074,2.1886499031466,4.05470247800345,-1.2896355562703
58-w,web,1,0,0,8,3,11.5257344751894,2.18811960826573,4.05242398390745,-1.29041314868743
59-w,web,1,0,0,8,3,11.5149198158509,2.1929812722446,4.05388414966001,-1.29202673575985
6-w,web,1,0,0,2,1,9.26228738723776,2.18295642344869,2.45657595034918,-1.25301825082232
60-w,web,1,0,0,8,1,11.5521165300295,2.18484982720239,4.0493642095574,-1.26781148965281
61-w,web,1,0,0,2,3,9.26887852988324,2.1883468754467,2.45527189868714,-1.26773083143629
62-w,web,1,1,0,2,1,9.31154488460556,2.18512754442397,2.45432100481155,-1.27053243188336
63-w,web,1,0,0,8,2,11.5136580198477,2.18728632162706,4.04999081863586,-1.26953441936244
64-w,web,1,1,1,8,2,11.5805465822581,2.18486245061256,4.05012957787208,-1.26864550311705
65-w,web,1,0,1,8,2,11.5065753715461,2.18702119365635,4.05077063747543,-1.2707484064489
66-w,web,1,1,1,8,1,11.5063218973844,2.3093809006117,4.05062453025092,-1.2700737081429
67-w,web,1,1,0,8,1,11.5795737479147,2.30964793266315,4.04865725094215,-1.26775771647524
68-w,web,1,0,1,2,2,9.26981796151902,2.31294166402466,2.45724791522792,-1.26687105496781
69-w,web,1,0,0,8,2,11.5166848278913,2.28511082362261,4.0501241534208,-1.26983097657735
7-w,web,1,0,1,8,3,11.568347825711,2.18295642344869,4.05092443091895,-1.24852962493732
70-w,web,1,0,0,2,2,9.26417327746575,2.18295642344869,2.4515492502747,-1.26802662371008
71-w,web,1,1,0,2,3,9.2603993240013,2.18948325755681,2.45374252386872,-1.26711276041303
72-w,web,1,1,0,2,1,9.36646650161733,2.18295642344869,2.45603745081737,-1.26740829151172
73-w,web,1,1,1,8,1,11.4976822051721,2.18945800378447,4.04862380755814,-1.26843017855491
74-w,web,1,0,1,8,3,11.5035312942895,2.18377687211801,4.04991372344125,-1.26692476008209
75-w,web,1,1,0,2,1,9.26134362756827,2.18731157212872,2.454798710166,-1.26808041756611
76-w,web,1,1,1,2,2,9.30879586309375,2.18295642344869,2.45558833047992,-1.27026255781601
77-w,web,1,1,0,2,1,9.27918278527581,2.19275394228412,2.45403882860193,-1.26304174894464
78-w,web,1,1,1,8,2,11.5397208634919,2.18404194874395,4.04907221664611,-1.26783837779167
79-w,web,1,1,0,2,3,9.32794305578649,2.18295642344869,2.4509889010693,-1.27012765997081
8-w,web,1,1,1,8,3,11.5229741855204,2.18322148708297,4.04977751018029,-1.24962950150436
80-w,web,1,1,0,2,2,9.286636322273,2.19375169110752,2.45669570288776,-1.26797283399173
81-w,web,1,0,1,2,2,9.30604223003786,2.22940625989398,2.45485921990244,-1.27066740813711
82-w,web,1,0,1,8,2,11.541461460285,2.18567036865318,4.04836966544932,-1.26767706445742
83-w,web,1,1,1,2,2,9.26511540931205,2.2932140196488,2.45629647974472,-1.26856474863005
84-w,web,1,1,1,8,3,11.536234556169,2.18349917729721,4.04949904014938,-1.26783837779167
85-w,web,1,0,1,8,1,11.5936281604681,2.18782921579547,4.04543768132514,-1.24482335189426
86-w,web,1,0,1,8,1,11.495898221143,2.18945800378447,4.04851775460501,-1.26956137389967
87-w,web,1,1,0,2,3,9.30328396945607,2.18295642344869,2.45321569342945,-1.27023557615785
88-w,web,1,0,0,8,3,14.1874652698572,1.81479096896255,4.05399088173544,-1.35151795246957
89-w,web,1,0,0,2,2,13.072189393806,1.72923203157222,2.45192627707071,-1.33821140302519
9-w,web,1,0,1,8,3,11.4948779972733,2.18295642344869,4.05168455719578,-1.25233395836511
90-w,web,1,1,1,8,2,17.9088875657887,2.43998193728446,4.02693159002553,-1.135520032182
91-w,web,1,1,0,2,3,14.1017987183296,2.3009524204933,2.44271157145867,-1.19362063832726
92-w,web,1,1,0,8,1,16.9638461977438,2.06419513554323,4.03506411716905,-1.12447074370217
93-w,web,1,0,0,2,2,13.1195577870996,1.73135255009345,2.45242878916941,-1.33489938032144
94-w,web,1,1,0,2,1,14.0873250469247,2.08507264598725,2.44827111456664,-1.11455570583065
95-w,web,1,1,0,8,3,17.0985402237372,2.29658088045695,4.03309707595095,-1.18848082933676
96-w,web,1,1,0,8,1,16.5801421284146,2.06470891171139,4.0378469231785,-1.11259062016485
97-w,web,1,1,0,2,2,13.7817268891623,1.98352521492577,2.44858728636605,-1.21959222368991
98-w,web,1,1,0,8,1,16.4454740103309,2.06419513554323,4.03618809751683,-1.11776677570123
99-w,web,1,0,0,8,2,15.5811785775373,1.69910108432438,4.04717801719916,-1.30150822333077
1-e,electron,1,1,0,2,3,14.1979352617939,1.3243876838858,2.444515021252,-1.13237747942375
10-e,electron,1,0,0,8,3,10.803441672875,1.08916891592789,4.04840654645389,-1.30032267682
100-e,electron,1,1,0,8,2,16.4188844369799,1.08991370117012,4.03888943807968,-1.19044065823966
101-e,electron,1,0,1,8,2,17.4853595116578,1.28585758150061,4.02983578720697,-1.08685630746941
102-e,electron,1,0,1,8,2,17.4875964551926,1.26837795994435,4.02932285543673,-1.08172890707475
103-e,electron,1,0,1,8,1,12.3027010153828,0.863174952239027,4.0349629636837,-1.21081202863886
104-e,electron,1,0,1,2,2,14.7829685585349,1.25711354159912,2.43386332078112,-1.08792818591097
105-e,electron,1,1,0,8,2,16.401660174712,1.08966931276796,4.03950266115609,-1.20351001720747
106-e,electron,1,0,0,8,2,15.5685211106495,0.973939835263244,4.05200558085684,-1.31839287564045
107-e,electron,1,0,1,8,3,11.9775709840334,1.44532699786505,4.03780107499341,-1.13201649086211
108-e,electron,1,1,0,2,1,13.5543547243403,0.792228987334642,2.44088235105205,-1.05757167334836
109-e,electron,1,0,0,8,2,15.5704965671342,0.97072972505469,4.05104225970431,-1.32325317130881
11-e,electron,1,1,0,8,1,15.8780044206747,0.763802786377875,4.02404795797986,-1.10529885070389
110-e,electron,1,1,1,8,2,17.7587818008984,1.42038076989372,4.02177732672904,-1.07225546585399
111-e,electron,1,0,1,8,1,12.7038589511725,0.863425245098214,4.03050834265977,-1.2236540031596
112-e,electron,1,1,0,2,2,13.650014898944,1.09115900537631,2.45062892107506,-1.20424943430205
113-e,electron,1,1,0,2,1,13.4596037868541,0.798982488205189,2.43981123689226,-1.06760763287119
114-e,electron,1,1,1,2,1,12.8322058906681,0.907774517384606,2.44279455015228,-1.15908697846184
115-e,electron,1,0,0,2,3,11.9261727567467,1.15101008616096,2.43930213865026,-1.28639597381768
116-e,electron,1,1,1,2,3,14.1937540243474,1.58899076357195,2.45480303239456,-1.06743982392645
117-e,electron,1,0,0,2,1,10.6078285394038,0.758627798817282,2.45173452873504,-1.38026870010419
118-e,electron,1,1,0,2,3,14.1815773643628,1.32946236262841,2.43260068429803,-1.12677681823121
119-e,electron,1,1,1,8,3,16.7149224298686,1.57337305605325,4.03995352728808,-1.06143969349656
12-e,electron,1,0,1,2,3,9.38145123257793,1.44789515389224,2.43984626340101,-1.13343876951882
120-e,electron,1,1,1,2,1,12.9886081106598,0.924385581128047,2.44662584983801,-1.15873757054243
121-e,electron,1,0,0,2,2,12.8124102747648,1.00324638347589,2.45569630795318,-1.32147357102252
122-e,electron,1,0,1,2,1,10.9634106758502,0.870720797310253,2.44808310908334,-1.22712772403839
123-e,electron,1,0,1,8,3,12.0315250004155,1.44481102951292,4.04055759125593,-1.1341621086003
124-e,electron,1,0,1,2,1,10.847141557793,0.870720797310253,2.44232061835911,-1.22603569148517
125-e,electron,1,0,0,8,1,11.4195713747307,0.711083153075793,4.04607974582023,-1.39394716030882
126-e,electron,1,0,0,8,2,15.2168112845313,0.973939835263244,4.05037422443053,-1.34398243494312
127-e,electron,1,0,0,2,1,10.6607995111534,0.754748553789743,2.44922371489799,-1.38261699180999
128-e,electron,1,1,1,2,2,15.1222363804345,1.4427713611568,2.42966611076484,-1.0399727019258
129-e,electron,1,0,1,2,2,14.7943200779979,1.2952175809255,2.42767020284111,-1.08986078626178
13-e,electron,1,1,0,8,3,16.740405325,1.32794092161699,4.0290803942029,-1.13032639187687
130-e,electron,1,0,0,2,1,10.5325024085006,0.754669862197757,2.45422154822266,-1.38300393749486
131-e,electron,1,0,0,8,1,10.5950743148701,0.746029329401528,4.03800031480242,-1.37687587063983
132-e,electron,1,1,0,8,3,16.9611549062407,1.32943858862634,4.05121456051879,-1.1207893726941
133-e,electron,1,1,0,8,3,16.5815351963717,1.28836864754572,4.05873838638823,-1.13298699490437
134-e,electron,1,1,0,2,2,13.7922070047608,1.3243876838858,2.43773841391314,-1.10339800648999
135-e,electron,1,1,0,2,1,13.4326953440939,0.796079443392376,2.4319440549707,-1.07481019264939
136-e,electron,1,0,1,8,2,15.5847169005698,1.33022315560191,4.03201460568179,-1.12317489377689
137-e,electron,1,1,0,8,3,16.6135031605091,1.30165541331886,4.05528857577884,-1.13091191368976
138-e,electron,1,1,0,8,2,15.5794815654815,1.3248986196435,4.02878240659962,-1.12344284073388
139-e,electron,1,1,1,2,3,14.5094797246792,1.58712247021736,2.45070157662667,-1.04160369425871
14-e,electron,1,1,0,8,1,15.8520837325355,0.7031789266216,4.02774964001922,-1.10621796751551
140-e,electron,1,0,0,8,1,11.4190389245545,0.668608186170326,4.04186543241999,-1.39460531232744
141-e,electron,1,1,0,8,3,16.8055057571933,1.3276913286588,4.03617712552435,-1.12924648211395
142-e,electron,1,1,0,8,3,16.7864120834539,1.32514815434546,4.02433921884148,-1.1312048253405
143-e,electron,1,1,0,2,2,13.6114992501714,1.09214836949694,2.45422154822266,-1.19945581895406
144-e,electron,1,1,0,2,1,13.673963143332,0.796079443392376,2.43200025758759,-1.1167911281571
145-e,electron,1,0,1,8,2,17.4843658975326,1.27113367116432,4.0363847106556,-1.08407536219293
146-e,electron,1,1,0,8,3,16.9020553087724,1.32819051977869,4.03375975837036,-1.1292015154738
147-e,electron,1,1,0,8,2,16.1681043364705,1.09065853852105,4.03614334272518,-1.214152036079
148-e,electron,1,1,1,2,3,13.9572944070566,1.58609138074407,2.45190136240965,-1.05382292634665
149-e,electron,1,0,1,2,3,10.4781029784152,1.4478591480974,2.44888599506352,-1.13542943630228
15-e,electron,1,0,1,2,3,9.37881676361105,1.4478591480974,2.44771461699861,-1.13456925762728
150-e,electron,1,1,0,8,3,16.8838667867594,1.21946421303239,4.02477991548579,-1.12897671773471
151-e,electron,1,1,1,2,1,13.1429049687714,0.918524982842615,2.45532374324653,-1.15750418367449
152-e,electron,1,0,1,8,1,12.2907647652878,0.864392348412155,4.03868342593343,-1.22385640511266
153-e,electron,1,1,1,2,3,13.968073130409,1.58692837673183,2.44776245148339,-1.06354681669666
154-e,electron,1,0,0,2,2,12.8214120402141,1.00324638347589,2.45522329231124,-1.31987324931262
155-e,electron,1,0,0,2,1,10.5899460517153,0.754748553789743,2.44902609012968,-1.38329431912733
156-e,electron,1,0,0,2,2,12.8187037631483,0.975412919022183,2.45649179253121,-1.33062870529982
157-e,electron,1,0,0,2,2,12.8106789180619,0.974423166960347,2.45332172779475,-1.32685674409896
158-e,electron,1,0,1,2,3,10.4749024852116,1.45096802605958,2.45669138769536,-1.12364385565356
159-e,electron,1,0,0,2,1,10.6162791823056,0.707392855432596,2.44897939365198,-1.38786310623056
16-e,electron,1,1,1,2,2,15.1701175581244,1.44994765369627,2.43381050911993,-1.02477528904432
160-e,electron,1,0,0,2,3,11.8788342125031,1.09115900537631,2.45020808012762,-1.29063548272295
161-e,electron,1,1,1,8,1,15.4008794479727,0.88721060820201,4.04247459554816,-1.13817425774125
162-e,electron,1,1,1,2,2,13.0464140360816,1.33048468934169,2.43979043940267,-1.11014595920907
163-e,electron,1,1,1,2,3,14.1649593318234,1.5933470801006,2.43779104717172,-1.04544755528075
164-e,electron,1,1,1,2,3,14.3139835050979,1.58919701968459,2.44310020996895,-1.04239981555694
165-e,electron,1,0,1,8,1,12.7191293448178,0.797287990504995,4.02867899449072,-1.20358392703052
166-e,electron,1,1,1,2,3,14.5628840821683,1.59413597916221,2.44679777105503,-1.03169757704471
167-e,electron,1,1,1,8,3,16.9127747970002,1.56975012593992,4.03735605737467,-1.03602906245172
168-e,electron,1,0,1,2,3,11.611639321169,1.44789515389224,2.44645934490561,-1.11462202186943
169-e,electron,1,1,1,8,1,15.2740131848071,0.89775536955175,4.03667192325023,-1.14341642461276
17-e,electron,1,0,0,2,3,8.68511831985982,1.09413901553224,2.45959404609986,-1.3232823864774
170-e,electron,1,1,1,8,3,16.7735917297299,1.57025897306054,4.04092811420927,-1.05179944618985
171-e,electron,1,1,1,2,2,15.1138874191039,1.44379115412097,2.42302079021201,-1.03143507613572
172-e,electron,1,0,1,8,3,11.9806866926416,1.44481102951292,4.02996522020119,-1.13309991606478
173-e,electron,1,1,0,2,2,13.6397612929281,1.09115900537631,2.45132384247656,-1.19291556115109
174-e,electron,1,0,1,8,2,17.476256184351,1.30552216898551,4.03226778829674,-1.08704915161913
175-e,electron,1,1,0,8,1,15.8883993862976,0.767168156283396,4.02629695920747,-1.07656673600653
176-e,electron,1,0,1,8,3,13.6648603456309,1.42995301185965,4.03523605909151,-1.11433468880426
177-e,electron,1,1,1,8,3,16.9186997327455,1.57647574487701,4.03600906862334,-1.03396208990659
178-e,electron,1,1,1,8,2,15.5870031248933,1.32641967392608,4.02817284745644,-1.11437888772637
179-e,electron,1,0,1,8,1,12.5604386275886,0.866827614286839,4.03118401105728,-1.20689248510293
18-e,electron,1,0,0,2,1,10.6538025330588,0.568424592873378,2.46554258546258,-1.4420372621634
180-e,electron,1,1,1,8,3,16.884390450516,1.57283985405337,4.03970076308733,-1.03742983685902
181-e,electron,1,1,0,2,3,14.3156693573345,1.29598803886473,2.4452931414223,-1.11186311525398
182-e,electron,1,0,1,2,3,11.1673636007707,1.44789515389224,2.44653226176848,-1.10843216093397
183-e,electron,1,1,1,2,2,13.0141874312077,1.32641967392608,2.43490805747299,-1.12150210893914
184-e,electron,1,0,0,8,3,12.9737032120191,1.1224321540833,4.039291567031,-1.28114039047118
185-e,electron,1,0,0,8,1,11.2259489826393,0.74892728287897,4.03831136454336,-1.36502968180154
186-e,electron,1,0,0,2,3,10.3657823069057,1.10210531193272,2.44701100504882,-1.28072935647329
187-e,electron,1,0,1,2,1,10.7109961845466,0.871802522673031,2.44785811454254,-1.20181204056208
188-e,electron,1,1,0,8,1,15.8434660755049,0.76741582607394,4.02282852337827,-1.05442254730918
189-e,electron,1,1,0,2,2,13.0479400837137,1.35081851078288,2.44539336549444,-1.10418406648665
19-e,electron,1,1,1,2,1,11.0895081830387,0.874615589247869,2.45730829753137,-1.26751578830424
190-e,electron,1,0,1,2,3,11.023767315292,1.4478591480974,2.45662234243699,-1.10665597943096
191-e,electron,1,0,0,8,2,15.5850139581918,0.97862453261883,4.05003022098993,-1.25846324855595
192-e,electron,1,1,0,2,2,13.0636729348353,1.32337775885713,2.44181808306623,-1.08458812431308
2-e,electron,1,1,1,8,1,15.490094478357,0.8972758096663,4.0393690395954,-1.15820210003387
20-e,electron,1,0,0,8,1,11.4861823682939,0.551002206327223,4.05824723911691,-1.44499862363419
21-e,electron,1,0,1,2,2,15.1473717183944,1.30459687936809,2.44062642383721,-0.900251421417035
22-e,electron,1,0,1,2,1,11.3748243619872,0.877532040550426,2.44733622027768,-1.19291556115109
23-e,electron,1,1,0,8,2,16.4125959917256,1.08966931276796,4.02580148195184,-1.18532149654168
24-e,electron,1,1,1,2,1,13.1907680738931,0.919955466441497,2.45912799778851,-1.17603713379226
25-e,electron,1,1,1,8,1,15.292289914202,0.970752732926293,4.05334778825363,-1.18939964790887
26-e,electron,1,1,0,8,2,16.4121787359943,1.08966931276796,4.03404064002043,-1.20186120482097
27-e,electron,1,0,1,2,2,14.6826181176309,1.31432789399936,2.46311082086053,-1.06966577107033
28-e,electron,1,0,0,2,2,13.0451050054763,0.973445019870218,2.41502401178703,-1.31671344580387
29-e,electron,1,0,0,8,3,10.7621021536253,1.08124716604775,4.01961810907502,-1.36104024773037
3-e,electron,1,0,0,8,3,10.7679030659844,1.05301687013307,4.04977408323806,-1.30317723049881
30-e,electron,1,0,1,8,2,17.4472755029089,1.28493383384249,4.05449936913349,-1.06083555858863
31-e,electron,1,1,0,8,2,16.424956474326,1.09537316977095,4.03803289365447,-1.18207882585054
32-e,electron,1,0,1,8,1,12.5868746644743,0.864153407737737,4.02911698421639,-1.19720446515839
33-e,electron,1,0,1,2,2,14.7629344132883,1.23511282979566,2.47072989156821,-1.06517737734564
34-e,electron,1,0,0,2,3,8.56485675345672,1.08916891592789,2.44028947635323,-1.38546071717087
35-e,electron,1,0,1,2,1,10.8478790857479,0.871688651000741,2.44715785263351,-1.21160831268734
36-e,electron,1,0,0,2,1,10.6665405011691,0.7038941413377,2.42512447722803,-1.3418420612697
37-e,electron,1,0,0,8,3,10.846772676365,1.07778253367903,4.0329094925457,-1.35182377049095
38-e,electron,1,0,1,2,3,9.38932943613527,1.44887935199423,2.48680629931212,-1.28910841398331
39-e,electron,1,0,0,8,1,11.5020072991421,0.730141436399105,4.00322730592453,-1.35265025199021
4-e,electron,1,1,1,2,2,15.1307367145864,1.44379115412097,2.42563872316169,-1.04156288544664
40-e,electron,1,0,1,2,1,10.8614671868349,0.878500592411232,2.45722634935896,-1.1953739267921
41-e,electron,1,0,0,2,3,8.5575783449575,1.08916891592789,2.45693409236485,-1.36459202605263
42-e,electron,1,1,1,2,1,12.9829762836016,0.931601713580767,2.45561748538679,-1.18426317014205
43-e,electron,1,0,0,2,2,13.0441226321051,1.00722885010534,2.42436377338853,-1.30724007679017
44-e,electron,1,1,0,2,3,14.2798426697225,1.32740608593586,2.47955138592746,-1.27080241055868
45-e,electron,1,0,0,8,1,11.4678854560328,0.73952928525321,4.01003439348951,-1.36709730100762
46-e,electron,1,0,1,8,2,17.4709611886036,1.2735351010163,4.06198378519132,-1.10619607263718
47-e,electron,1,1,1,8,1,15.5714237703195,0.871153472560867,4.06019225221799,-1.18198294829103
48-e,electron,1,0,0,8,1,11.4976822051721,0.733987317875184,4.00138616237413,-1.35206853619724
49-e,electron,1,1,1,8,1,15.1756548095842,0.825650344861492,4.04800451272389,-1.18253440211092
5-e,electron,1,1,0,8,3,16.8893983671572,1.32766755817227,4.0526921092339,-1.15985619948494
50-e,electron,1,1,0,8,3,16.8169548460075,1.3160969465225,4.06862522878286,-1.29127510203755
51-e,electron,1,0,1,2,2,14.7564804617371,1.26712450456703,2.46081693736318,-1.09347946598621
52-e,electron,1,1,1,2,1,12.9088791277674,0.911673037309868,2.45414370669115,-1.17235807077962
53-e,electron,1,1,1,8,2,17.8207961832807,1.43182278900217,4.05563310913683,-1.08535781263318
54-e,electron,1,1,1,8,2,17.846700468481,1.43134333240146,4.05551060043452,-1.08209114483241
55-e,electron,1,1,1,2,3,14.1904624505416,1.58076736927872,2.48470302769775,-1.16537845797924
56-e,electron,1,1,1,8,2,17.8307339783986,1.43667831822079,4.05545772750038,-1.07843278928135
57-e,electron,1,1,1,8,3,16.5100566228004,1.56921706885305,4.0821321093109,-1.16742367339105
58-e,electron,1,0,0,8,3,10.8140003528084,1.08174718979546,4.02248931824213,-1.34965579587606
59-e,electron,1,0,0,8,3,10.7394873086131,1.07007837932426,4.02346581356574,-1.37100170822703
6-e,electron,1,0,0,2,1,10.344183736388,0.707392855432596,2.44804072214004,-1.37930643253867
60-e,electron,1,0,0,8,1,11.5055612580408,0.725333689920829,4.00837644846388,-1.34816408761823
61-e,electron,1,0,0,2,3,8.54586334787244,1.08916891592789,2.43648876985368,-1.3789540047174
62-e,electron,1,1,0,2,1,13.5919870024344,0.795119498139625,2.43736223594875,-1.1067217000158
63-e,electron,1,0,0,8,2,15.5687007770194,0.980858304286935,4.01720620192534,-1.3253014780084
64-e,electron,1,1,1,8,2,17.8188893109146,1.4432872461175,4.06384868064469,-1.05956606881858
65-e,electron,1,0,1,8,2,17.468272599583,1.25261319979836,4.06699876482412,-1.09767646567801
66-e,electron,1,1,1,8,1,15.4547713569353,0.801400522388177,4.05829715675095,-1.18373453607213
67-e,electron,1,1,0,8,1,15.8675564834667,0.648889190983841,4.04959586915029,-1.11555097690944
68-e,electron,1,0,1,2,2,14.72215633287,1.24510472372313,2.46157669710292,-1.07743567272613
69-e,electron,1,0,0,8,2,15.5890792810527,0.964312601923729,4.00413618092694,-1.31190209304994
7-e,electron,1,0,1,8,3,11.6504018295044,1.43304548623103,4.04057686809289,-1.09233628147677
70-e,electron,1,0,0,2,2,13.0365739435204,0.971466003247912,2.42180076934333,-1.30331886583532
71-e,electron,1,1,0,2,3,14.0802376905817,1.32740608593586,2.47184529700143,-1.28237497590465
72-e,electron,1,1,0,2,1,13.4836295136438,0.808104341889323,2.45483220701671,-1.10355079673586
73-e,electron,1,1,1,8,1,15.2109219014865,0.875993956060974,4.07452852960347,-1.1908768394108
74-e,electron,1,0,1,8,3,11.5793304563606,1.44481102951292,4.07742092126615,-1.27209976834814
75-e,electron,1,1,0,2,1,13.5943553561351,0.701983311574603,2.44660299763331,-1.09672283653078
76-e,electron,1,1,1,2,2,15.0832272113634,1.44379115412097,2.46237031418711,-1.07046506198086
77-e,electron,1,1,0,2,1,13.5346668487991,0.702944259918034,2.46467292195621,-1.10946443333644
78-e,electron,1,1,1,8,2,17.8649717714435,1.44099591842221,4.05849907571003,-1.08347750639077
79-e,electron,1,1,0,2,3,14.1998436960304,1.32740608593586,2.47110287781737,-1.31193079753429
8-e,electron,1,1,1,8,3,16.7740264647076,1.56795720056261,4.03136663906345,-1.03919895544177
80-e,electron,1,1,0,2,2,13.8140890741139,1.09115900537631,2.45441180556524,-1.19461855661283
81-e,electron,1,0,1,2,2,14.7729768053242,1.26057562489119,2.42950930319858,-1.08715630506825
82-e,electron,1,0,1,8,2,17.4863407038673,1.29667556690539,4.03382051058599,-1.08655640955203
83-e,electron,1,1,1,2,2,15.1351590112797,1.43769761806085,2.4437789236491,-1.06335885927726
84-e,electron,1,1,1,8,3,16.6281057539081,1.57336093758928,4.05961612396746,-1.06454989943431
85-e,electron,1,0,1,8,1,12.4895520032229,0.863174952239027,4.03441485682031,-1.22180960522887
86-e,electron,1,0,1,8,1,12.6395874514857,0.864881626861034,4.03348691516159,-1.22461590015748
87-e,electron,1,1,0,2,3,14.2662362373452,1.25912213289643,2.4809700733981,-1.15987952046808
88-e,electron,1,0,0,8,3,17.1938826817546,1.16770035913752,4.03773763444774,-1.26681735396994
89-e,electron,1,0,0,2,2,13.0515322872382,0.974434675142589,2.44937896791394,-1.33003784735602
9-e,electron,1,0,1,8,3,11.5875838016028,1.44481102951292,4.04014752760722,-1.13294183063639
90-e,electron,1,1,1,8,2,17.8434678679852,1.44073202260707,4.02418587083326,-1.06953963058719
91-e,electron,1,1,0,2,3,14.0062543552269,1.25411311913593,2.47698553355151,-1.15931999965761
92-e,electron,1,0,0,2,2,13.0445593060718,0.967543647348464,2.45237031833489,-1.33638910175724
93-e,electron,1,1,0,8,1,15.8928492409793,0.763802786377875,4.02018393471698,-1.09949987240862
94-e,electron,1,1,0,2,1,13.4938954766311,0.783540478818115,2.44023805044137,-1.09326365908343
95-e,electron,1,1,0,8,3,16.5333428798396,1.32691881200965,4.03838601636133,-1.13443351959505
96-e,electron,1,1,0,8,1,15.9117933935638,0.763802786377875,4.02604371423201,-1.10047823859151
97-e,electron,1,1,0,2,2,13.7878595340795,1.09117064442017,2.45688339824549,-1.17794261922171
98-e,electron,1,1,0,8,1,15.8949684768391,0.730679532656691,4.02065096974305,-1.10163192188306
99-e,electron,1,0,0,8,2,15.5892571386426,0.964289608918414,4.05421854604253,-1.3224356895597
